<annotation>
	<folder>Images 2</folder>
	<filename>WhatsApp Image 2023-12-19 at 17.46.56.jpeg</filename>
	<path>C:\Users\rajde\OneDrive\Desktop\Images 2\WhatsApp Image 2023-12-19 at 17.46.56.jpeg</path>
	<source>
		<database>Unknown</database>
	</source>
	<size>
		<width>600</width>
		<height>400</height>
		<depth>3</depth>
	</size>
	<segmented>0</segmented>
	<object>
		<name>worker</name>
		<pose>Unspecified</pose>
		<truncated>0</truncated>
		<difficult>0</difficult>
		<bndbox>
			<xmin>169</xmin>
			<ymin>91</ymin>
			<xmax>479</xmax>
			<ymax>392</ymax>
		</bndbox>
	</object>
	<object>
		<name>hat</name>
		<pose>Unspecified</pose>
		<truncated>0</truncated>
		<difficult>0</difficult>
		<bndbox>
			<xmin>220</xmin>
			<ymin>28</ymin>
			<xmax>378</xmax>
			<ymax>92</ymax>
		</bndbox>
	</object>
</annotation>
