<annotation>
	<folder>Images 2</folder>
	<filename>WhatsApp Image 2023-12-19 at 17.46.47.jpeg</filename>
	<path>C:\Users\rajde\OneDrive\Desktop\Images 2\WhatsApp Image 2023-12-19 at 17.46.47.jpeg</path>
	<source>
		<database>Unknown</database>
	</source>
	<size>
		<width>1200</width>
		<height>630</height>
		<depth>3</depth>
	</size>
	<segmented>0</segmented>
	<object>
		<name>worker</name>
		<pose>Unspecified</pose>
		<truncated>0</truncated>
		<difficult>0</difficult>
		<bndbox>
			<xmin>177</xmin>
			<ymin>150</ymin>
			<xmax>336</xmax>
			<ymax>473</ymax>
		</bndbox>
	</object>
	<object>
		<name>worker</name>
		<pose>Unspecified</pose>
		<truncated>0</truncated>
		<difficult>0</difficult>
		<bndbox>
			<xmin>494</xmin>
			<ymin>215</ymin>
			<xmax>596</xmax>
			<ymax>478</ymax>
		</bndbox>
	</object>
	<object>
		<name>worker</name>
		<pose>Unspecified</pose>
		<truncated>0</truncated>
		<difficult>0</difficult>
		<bndbox>
			<xmin>570</xmin>
			<ymin>79</ymin>
			<xmax>749</xmax>
			<ymax>487</ymax>
		</bndbox>
	</object>
	<object>
		<name>worker</name>
		<pose>Unspecified</pose>
		<truncated>0</truncated>
		<difficult>0</difficult>
		<bndbox>
			<xmin>800</xmin>
			<ymin>202</ymin>
			<xmax>950</xmax>
			<ymax>495</ymax>
		</bndbox>
	</object>
	<object>
		<name>worker</name>
		<pose>Unspecified</pose>
		<truncated>0</truncated>
		<difficult>0</difficult>
		<bndbox>
			<xmin>961</xmin>
			<ymin>132</ymin>
			<xmax>1163</xmax>
			<ymax>483</ymax>
		</bndbox>
	</object>
</annotation>
