<annotation>
	<folder>Images 2</folder>
	<filename>WhatsApp Image 2023-12-19 at 17.46.51.jpeg</filename>
	<path>C:\Users\rajde\OneDrive\Desktop\Images 2\WhatsApp Image 2023-12-19 at 17.46.51.jpeg</path>
	<source>
		<database>Unknown</database>
	</source>
	<size>
		<width>1200</width>
		<height>675</height>
		<depth>3</depth>
	</size>
	<segmented>0</segmented>
	<object>
		<name>worker</name>
		<pose>Unspecified</pose>
		<truncated>0</truncated>
		<difficult>0</difficult>
		<bndbox>
			<xmin>485</xmin>
			<ymin>169</ymin>
			<xmax>662</xmax>
			<ymax>655</ymax>
		</bndbox>
	</object>
	<object>
		<name>worker</name>
		<pose>Unspecified</pose>
		<truncated>0</truncated>
		<difficult>0</difficult>
		<bndbox>
			<xmin>149</xmin>
			<ymin>60</ymin>
			<xmax>306</xmax>
			<ymax>528</ymax>
		</bndbox>
	</object>
	<object>
		<name>worker</name>
		<pose>Unspecified</pose>
		<truncated>0</truncated>
		<difficult>0</difficult>
		<bndbox>
			<xmin>616</xmin>
			<ymin>98</ymin>
			<xmax>719</xmax>
			<ymax>469</ymax>
		</bndbox>
	</object>
	<object>
		<name>worker</name>
		<pose>Unspecified</pose>
		<truncated>0</truncated>
		<difficult>0</difficult>
		<bndbox>
			<xmin>691</xmin>
			<ymin>235</ymin>
			<xmax>820</xmax>
			<ymax>619</ymax>
		</bndbox>
	</object>
</annotation>
