<annotation>
	<folder>Images 2</folder>
	<filename>WhatsApp Image 2023-12-19 at 17.47.50.jpeg</filename>
	<path>C:\Users\rajde\OneDrive\Desktop\Images 2\WhatsApp Image 2023-12-19 at 17.47.50.jpeg</path>
	<source>
		<database>Unknown</database>
	</source>
	<size>
		<width>700</width>
		<height>400</height>
		<depth>3</depth>
	</size>
	<segmented>0</segmented>
	<object>
		<name>worker</name>
		<pose>Unspecified</pose>
		<truncated>1</truncated>
		<difficult>0</difficult>
		<bndbox>
			<xmin>102</xmin>
			<ymin>1</ymin>
			<xmax>350</xmax>
			<ymax>390</ymax>
		</bndbox>
	</object>
	<object>
		<name>worker</name>
		<pose>Unspecified</pose>
		<truncated>1</truncated>
		<difficult>0</difficult>
		<bndbox>
			<xmin>304</xmin>
			<ymin>32</ymin>
			<xmax>449</xmax>
			<ymax>400</ymax>
		</bndbox>
	</object>
	<object>
		<name>worker</name>
		<pose>Unspecified</pose>
		<truncated>0</truncated>
		<difficult>0</difficult>
		<bndbox>
			<xmin>403</xmin>
			<ymin>62</ymin>
			<xmax>509</xmax>
			<ymax>397</ymax>
		</bndbox>
	</object>
	<object>
		<name>worker</name>
		<pose>Unspecified</pose>
		<truncated>0</truncated>
		<difficult>0</difficult>
		<bndbox>
			<xmin>500</xmin>
			<ymin>22</ymin>
			<xmax>606</xmax>
			<ymax>357</ymax>
		</bndbox>
	</object>
	<object>
		<name>worker</name>
		<pose>Unspecified</pose>
		<truncated>0</truncated>
		<difficult>0</difficult>
		<bndbox>
			<xmin>586</xmin>
			<ymin>3</ymin>
			<xmax>692</xmax>
			<ymax>338</ymax>
		</bndbox>
	</object>
</annotation>
