<annotation>
	<folder>Images 2</folder>
	<filename>WhatsApp Image 2023-12-19 at 17.47.46.jpeg</filename>
	<path>C:\Users\rajde\OneDrive\Desktop\Images 2\WhatsApp Image 2023-12-19 at 17.47.46.jpeg</path>
	<source>
		<database>Unknown</database>
	</source>
	<size>
		<width>820</width>
		<height>460</height>
		<depth>3</depth>
	</size>
	<segmented>0</segmented>
	<object>
		<name>worker</name>
		<pose>Unspecified</pose>
		<truncated>1</truncated>
		<difficult>0</difficult>
		<bndbox>
			<xmin>163</xmin>
			<ymin>58</ymin>
			<xmax>375</xmax>
			<ymax>460</ymax>
		</bndbox>
	</object>
	<object>
		<name>worker</name>
		<pose>Unspecified</pose>
		<truncated>1</truncated>
		<difficult>0</difficult>
		<bndbox>
			<xmin>5</xmin>
			<ymin>81</ymin>
			<xmax>175</xmax>
			<ymax>460</ymax>
		</bndbox>
	</object>
	<object>
		<name>worker</name>
		<pose>Unspecified</pose>
		<truncated>1</truncated>
		<difficult>0</difficult>
		<bndbox>
			<xmin>1</xmin>
			<ymin>115</ymin>
			<xmax>49</xmax>
			<ymax>246</ymax>
		</bndbox>
	</object>
	<object>
		<name>worker</name>
		<pose>Unspecified</pose>
		<truncated>1</truncated>
		<difficult>0</difficult>
		<bndbox>
			<xmin>349</xmin>
			<ymin>80</ymin>
			<xmax>547</xmax>
			<ymax>460</ymax>
		</bndbox>
	</object>
	<object>
		<name>worker</name>
		<pose>Unspecified</pose>
		<truncated>1</truncated>
		<difficult>0</difficult>
		<bndbox>
			<xmin>444</xmin>
			<ymin>13</ymin>
			<xmax>770</xmax>
			<ymax>460</ymax>
		</bndbox>
	</object>
</annotation>
